,
ATL,IND
ATL,MIN
ATL,CHA
ATL,MIA
ATL,DEN
ATL,DAL
ATL,DET
ATL,CHI
ATL,MIL
ATL,BOS
ATL,POR
ATL,BOS
ATL,CHA
ATL,PHX
ATL,LAL
ATL,LAC
ATL,UTA
ATL,POR
ATL,NOP
ATL,MEM
ATL,CLE
ATL,NYK
ATL,BKN
ATL,BKN
ATL,UTA
ATL,ORL
ATL,TOR
ATL,CHA
ATL,CHI
ATL,HOU
ATL,PHI
ATL,BOS
ATL,LAC
ATL,GSW
ATL,PHX
ATL,LAL
ATL,TOR
ATL,DAL
ATL,GSW
ATL,SAC
ATL,CLE
ATL,MIA
ATL,ORL
ATL,SAS
ATL,WAS
ATL,IND
ATL,PHI
ATL,ORL
ATL,IND
ATL,OKC
ATL,WAS
ATL,SAC
ATL,CHI
ATL,MEM
ATL,MIA
ATL,HOU
ATL,DET
ATL,CLE
ATL,TOR
ATL,TOR
ATL,DEN
ATL,PHI
ATL,BKN
ATL,MIL
ATL,SAS
ATL,CLE
ATL,BOS
ATL,WAS
ATL,BKN
ATL,IND
ATL,PHI
ATL,NYK
ATL,DET
ATL,MIA
ATL,ORL
ATL,OKC
ATL,NOP
ATL,WAS
ATL,MIN
ATL,MIL
ATL,NYK
ATL,CHA
BOS,WAS
BOS,CHA
BOS,NYK
BOS,MIL
BOS,POR
BOS,SAC
BOS,OKC
BOS,CHA
BOS,NOP
BOS,ATL
BOS,ATL
BOS,CHI
BOS,DET
BOS,MIL
BOS,DET
BOS,WAS
BOS,PHX
BOS,UTA
BOS,POR
BOS,PHX
BOS,DEN
BOS,CLE
BOS,GSW
BOS,DAL
BOS,PHI
BOS,NYK
BOS,CHI
BOS,BKN
BOS,BKN
BOS,MIA
BOS,WAS
BOS,ATL
BOS,MEM
BOS,LAL
BOS,IND
BOS,NOP
BOS,LAC
BOS,MIA
BOS,DAL
BOS,HOU
BOS,DEN
BOS,SAS
BOS,TOR
BOS,HOU
BOS,MIL
BOS,MIN
BOS,IND
BOS,IND
BOS,UTA
BOS,OKC
BOS,SAS
BOS,TOR
BOS,DET
BOS,LAL
BOS,LAC
BOS,SAC
BOS,GSW
BOS,ORL
BOS,ORL
BOS,CLE
BOS,CLE
BOS,NYK
BOS,IND
BOS,PHI
BOS,CHI
BOS,ATL
BOS,ORL
BOS,MIL
BOS,CHA
BOS,MEM
BOS,TOR
BOS,PHI
BOS,NYK
BOS,TOR
BOS,BKN
BOS,PHI
BOS,MIN
BOS,BKN
BOS,IND
BOS,WAS
BOS,MIA
BOS,NYK
BKN,PHI
BKN,NYK
BKN,TOR
BKN,SAC
BKN,DET
BKN,IND
BKN,IND
BKN,LAL
BKN,CHI
BKN,WAS
BKN,TOR
BKN,NYK
BKN,MIL
BKN,NOP
BKN,SAS
BKN,IND
BKN,ORL
BKN,CLE
BKN,CHA
BKN,DET
BKN,PHI
BKN,MEM
BKN,ATL
BKN,ATL
BKN,ORL
BKN,MEM
BKN,MIN
BKN,TOR
BKN,BOS
BKN,BOS
BKN,SAS
BKN,CLE
BKN,DAL
BKN,GSW
BKN,PHI
BKN,PHX
BKN,UTA
BKN,HOU
BKN,MIN
BKN,NYK
BKN,LAC
BKN,LAL
BKN,POR
BKN,MIA
BKN,CLE
BKN,POR
BKN,OKC
BKN,HOU
BKN,NOP
BKN,OKC
BKN,WAS
BKN,MIL
BKN,DET
BKN,DET
BKN,DEN
BKN,NYK
BKN,UTA
BKN,GSW
BKN,DEN
BKN,PHX
BKN,SAC
BKN,WAS
BKN,ATL
BKN,ORL
BKN,CHA
BKN,TOR
BKN,CHI
BKN,MIA
BKN,ATL
BKN,PHI
BKN,MIA
BKN,ORL
BKN,WAS
BKN,BOS
BKN,LAC
BKN,MIL
BKN,BOS
BKN,CHI
BKN,MIA
BKN,CHA
BKN,DAL
BKN,CLE
CHA,CLE
CHA,BOS
CHA,ATL
CHA,DAL
CHA,OKC
CHA,ORL
CHA,POR
CHA,BOS
CHA,LAC
CHA,GSW
CHA,CLE
CHA,CLE
CHA,ATL
CHA,ORL
CHA,PHI
CHA,PHX
CHA,MEM
CHA,DET
CHA,BKN
CHA,WAS
CHA,ORL
CHA,TOR
CHA,PHI
CHA,MIL
CHA,MIL
CHA,POR
CHA,GSW
CHA,UTA
CHA,ATL
CHA,IND
CHA,MEM
CHA,MIL
CHA,TOR
CHA,LAL
CHA,IND
CHA,OKC
CHA,CHI
CHA,NYK
CHA,UTA
CHA,HOU
CHA,DET
CHA,MIN
CHA,PHI
CHA,SAS
CHA,NOP
CHA,MIA
CHA,SAS
CHA,SAC
CHA,CHI
CHA,CHI
CHA,SAC
CHA,DEN
CHA,PHX
CHA,LAL
CHA,LAC
CHA,DEN
CHA,IND
CHA,TOR
CHA,PHI
CHA,NOP
CHA,MIA
CHA,MIA
CHA,TOR
CHA,CHI
CHA,MIN
CHA,BKN
CHA,NYK
CHA,ORL
CHA,WAS
CHA,BOS
CHA,NYK
CHA,MIL
CHA,MIA
CHA,NYK
CHA,WAS
CHA,WAS
CHA,DAL
CHA,IND
CHA,HOU
CHA,BKN
CHA,DET
CHA,ATL
CHI,NYK
CHI,WAS
CHI,DET
CHI,NYK
CHI,ORL
CHI,NYK
CHI,ATL
CHI,MIN
CHI,BKN
CHI,IND
CHI,WAS
CHI,BOS
CHI,HOU
CHI,POR
CHI,WAS
CHI,LAC
CHI,IND
CHI,DAL
CHI,LAC
CHI,GSW
CHI,UTA
CHI,SAC
CHI,MIL
CHI,CLE
CHI,DET
CHI,NOP
CHI,BOS
CHI,CLE
CHI,ATL
CHI,ORL
CHI,MEM
CHI,MIN
CHI,SAC
CHI,CHA
CHI,TOR
CHI,POR
CHI,LAL
CHI,PHX
CHI,MEM
CHI,TOR
CHI,CLE
CHI,SAS
CHI,GSW
CHI,HOU
CHI,CHA
CHI,CHA
CHI,NYK
CHI,PHI
CHI,PHI
CHI,IND
CHI,ATL
CHI,CLE
CHI,SAS
CHI,LAL
CHI,PHI
CHI,MIA
CHI,MIA
CHI,DEN
CHI,MIL
CHI,SAS
CHI,CHA
CHI,NOP
CHI,MIL
CHI,BOS
CHI,BKN
CHI,TOR
CHI,OKC
CHI,MIA
CHI,MIA
CHI,ORL
CHI,ORL
CHI,MIL
CHI,DET
CHI,PHX
CHI,UTA
CHI,DEN
CHI,BKN
CHI,DAL
CHI,IND
CHI,DET
CHI,TOR
CHI,OKC
CLE,CHA
CLE,IND
CLE,MEM
CLE,LAC
CLE,LAL
CLE,PHX
CLE,UTA
CLE,DEN
CLE,PHI
CLE,CHA
CLE,CHA
CLE,MIA
CLE,MIN
CLE,MIA
CLE,IND
CLE,HOU
CLE,NOP
CLE,PHX
CLE,BKN
CLE,MIN
CLE,ATL
CLE,BOS
CLE,NYK
CLE,DET
CLE,CHI
CLE,DAL
CLE,WAS
CLE,PHI
CLE,ORL
CLE,CHI
CLE,PHI
CLE,TOR
CLE,BKN
CLE,WAS
CLE,SAC
CLE,SAS
CLE,MEM
CLE,DET
CLE,LAC
CLE,MIL
CLE,MIL
CLE,ORL
CLE,ATL
CLE,MIL
CLE,CHI
CLE,BKN
CLE,SAS
CLE,WAS
CLE,WAS
CLE,TOR
CLE,MIL
CLE,DAL
CLE,CHI
CLE,NOP
CLE,UTA
CLE,HOU
CLE,ATL
CLE,BOS
CLE,BOS
CLE,ORL
CLE,MIA
CLE,ORL
CLE,DET
CLE,POR
CLE,ATL
CLE,TOR
CLE,LAL
CLE,MIA
CLE,PHI
CLE,DEN
CLE,DET
CLE,POR
CLE,SAC
CLE,GSW
CLE,OKC
CLE,GSW
CLE,IND
CLE,NYK
CLE,NYK
CLE,IND
CLE,OKC
CLE,BKN
DAL,OKC
DAL,DET
DAL,MIA
DAL,CHA
DAL,HOU
DAL,GSW
DAL,ATL
DAL,GSW
DAL,HOU
DAL,SAC
DAL,SAC
DAL,UTA
DAL,UTA
DAL,SAS
DAL,DEN
DAL,OKC
DAL,GSW
DAL,CHI
DAL,DET
DAL,MIA
DAL,IND
DAL,PHI
DAL,BOS
DAL,TOR
DAL,CLE
DAL,IND
DAL,PHX
DAL,SAS
DAL,WAS
DAL,OKC
DAL,NYK
DAL,BKN
DAL,PHI
DAL,MIL
DAL,MIN
DAL,ORL
DAL,SAC
DAL,ATL
DAL,PHX
DAL,BOS
DAL,LAL
DAL,NOP
DAL,NOP
DAL,NYK
DAL,MEM
DAL,MIN
DAL,POR
DAL,POR
DAL,UTA
DAL,GSW
DAL,MIN
DAL,CLE
DAL,PHX
DAL,SAS
DAL,HOU
DAL,LAC
DAL,DEN
DAL,POR
DAL,MIN
DAL,LAL
DAL,MEM
DAL,POR
DAL,UTA
DAL,OKC
DAL,MEM
DAL,HOU
DAL,LAC
DAL,LAL
DAL,SAC
DAL,MIL
DAL,WAS
DAL,NOP
DAL,NOP
DAL,LAC
DAL,TOR
DAL,ORL
DAL,CHA
DAL,DEN
DAL,CHI
DAL,MEM
DAL,BKN
DAL,SAS
DEN,MEM
DEN,SAS
DEN,MIN
DEN,UTA
DEN,ATL
DEN,LAC
DEN,SAS
DEN,CLE
DEN,MIN
DEN,PHX
DEN,MEM
DEN,POR
DEN,NYK
DEN,MIN
DEN,DAL
DEN,SAS
DEN,MIA
DEN,TOR
DEN,UTA
DEN,BOS
DEN,PHX
DEN,LAL
DEN,MIA
DEN,SAC
DEN,GSW
DEN,POR
DEN,WAS
DEN,SAC
DEN,MIL
DEN,SAC
DEN,LAL
DEN,POR
DEN,POR
DEN,OKC
DEN,MIL
DEN,PHI
DEN,NYK
DEN,IND
DEN,WAS
DEN,BOS
DEN,PHI
DEN,IND
DEN,NOP
DEN,UTA
DEN,DET
DEN,ORL
DEN,GSW
DEN,CHA
DEN,OKC
DEN,MEM
DEN,GSW
DEN,CHA
DEN,BKN
DEN,TOR
DEN,DAL
DEN,OKC
DEN,BKN
DEN,CHI
DEN,ATL
DEN,HOU
DEN,LAC
DEN,SAC
DEN,PHX
DEN,HOU
DEN,LAC
DEN,SAS
DEN,HOU
DEN,ORL
DEN,DET
DEN,CLE
DEN,NOP
DEN,LAC
DEN,HOU
DEN,GSW
DEN,NOP
DEN,CHI
DEN,DAL
DEN,MIN
DEN,UTA
DEN,OKC
DEN,MEM
DEN,LAL
DET,SAS
DET,DAL
DET,CHI
DET,PHI
DET,BKN
DET,MEM
DET,ATL
DET,MEM
DET,WAS
DET,MIN
DET,NYK
DET,NOP
DET,BOS
DET,IND
DET,BOS
DET,MIA
DET,MIA
DET,TOR
DET,CHA
DET,DAL
DET,BKN
DET,MIA
DET,ORL
DET,CLE
DET,CHI
DET,NYK
DET,ORL
DET,IND
DET,PHX
DET,LAL
DET,LAC
DET,POR
DET,SAC
DET,ORL
DET,LAC
DET,CLE
DET,OKC
DET,WAS
DET,CHA
DET,MIL
DET,MIL
DET,MIN
DET,WAS
DET,HOU
DET,SAS
DET,SAC
DET,DEN
DET,GSW
DET,UTA
DET,HOU
DET,TOR
DET,BOS
DET,BKN
DET,BKN
DET,UTA
DET,ATL
DET,MIL
DET,PHI
DET,PHI
DET,IND
DET,ORL
DET,MEM
DET,CLE
DET,NYK
DET,LAL
DET,WAS
DET,IND
DET,DEN
DET,TOR
DET,CLE
DET,ATL
DET,CHI
DET,PHI
DET,MIL
DET,GSW
DET,PHX
DET,NOP
DET,POR
DET,OKC
DET,CHI
DET,CHA
DET,MIA
GSW,UTA
GSW,NOP
GSW,POR
GSW,LAL
GSW,UTA
GSW,DAL
GSW,HOU
GSW,DAL
GSW,SAS
GSW,CHA
GSW,ORL
GSW,MIA
GSW,MIN
GSW,IND
GSW,MEM
GSW,NYK
GSW,LAL
GSW,DAL
GSW,SAS
GSW,SAS
GSW,CHI
GSW,MIL
GSW,BOS
GSW,TOR
GSW,NYK
GSW,WAS
GSW,DEN
GSW,CHA
GSW,LAL
GSW,UTA
GSW,LAC
GSW,UTA
GSW,PHX
GSW,IND
GSW,PHI
GSW,BKN
GSW,ATL
GSW,MEM
GSW,PHI
GSW,LAL
GSW,SAC
GSW,ATL
GSW,MEM
GSW,MIL
GSW,CHI
GSW,NOP
GSW,TOR
GSW,DET
GSW,DEN
GSW,ORL
GSW,DAL
GSW,MIA
GSW,DEN
GSW,POR
GSW,WAS
GSW,BOS
GSW,POR
GSW,BKN
GSW,LAC
GSW,PHX
GSW,OKC
GSW,POR
GSW,LAC
GSW,LAC
GSW,SAC
GSW,SAS
GSW,PHX
GSW,HOU
GSW,OKC
GSW,OKC
GSW,MIN
GSW,MIN
GSW,CLE
GSW,DEN
GSW,DET
GSW,CLE
GSW,OKC
GSW,SAC
GSW,NOP
GSW,HOU
GSW,SAC
GSW,PHX
HOU,LAC
HOU,POR
HOU,UTA
HOU,ORL
HOU,DAL
HOU,MIA
HOU,GSW
HOU,MIN
HOU,DAL
HOU,UTA
HOU,OKC
HOU,POR
HOU,UTA
HOU,CHI
HOU,WAS
HOU,CLE
HOU,WAS
HOU,SAS
HOU,SAC
HOU,POR
HOU,LAC
HOU,SAS
HOU,PHX
HOU,PHX
HOU,OKC
HOU,OKC
HOU,PHX
HOU,NOP
HOU,MEM
HOU,NYK
HOU,ATL
HOU,TOR
HOU,IND
HOU,MIN
HOU,TOR
HOU,NOP
HOU,LAL
HOU,BKN
HOU,CHA
HOU,POR
HOU,BOS
HOU,UTA
HOU,NYK
HOU,PHI
HOU,BOS
HOU,DET
HOU,CHI
HOU,MIA
HOU,MIL
HOU,MIN
HOU,BKN
HOU,DET
HOU,PHI
HOU,PHX
HOU,IND
HOU,NOP
HOU,DAL
HOU,ATL
HOU,CLE
HOU,MIL
HOU,MEM
HOU,MEM
HOU,SAS
HOU,DEN
HOU,OKC
HOU,LAL
HOU,DEN
HOU,DAL
HOU,DEN
HOU,MEM
HOU,GSW
HOU,LAL
HOU,LAC
HOU,DEN
HOU,NOP
HOU,LAL
HOU,SAC
HOU,SAC
HOU,CHA
HOU,GSW
HOU,SAS
HOU,ORL
IND,ATL
IND,CLE
IND,TOR
IND,MIA
IND,OKC
IND,BKN
IND,BKN
IND,LAL
IND,CHI
IND,LAC
IND,LAL
IND,GSW
IND,DET
IND,CLE
IND,BKN
IND,CHI
IND,OKC
IND,ORL
IND,MIN
IND,DAL
IND,SAS
IND,NOP
IND,NOP
IND,TOR
IND,DAL
IND,DET
IND,TOR
IND,CHA
IND,NYK
IND,GSW
IND,HOU
IND,CHA
IND,SAC
IND,NYK
IND,BOS
IND,MEM
IND,PHX
IND,PHI
IND,DEN
IND,PHX
IND,POR
IND,SAC
IND,UTA
IND,DEN
IND,ATL
IND,WAS
IND,BOS
IND,BOS
IND,ATL
IND,MIL
IND,MIL
IND,NYK
IND,CHI
IND,HOU
IND,ORL
IND,MEM
IND,CHA
IND,LAC
IND,MIN
IND,WAS
IND,MIL
IND,DET
IND,MIL
IND,BOS
IND,MIA
IND,MIA
IND,POR
IND,DET
IND,TOR
IND,ATL
IND,ORL
IND,PHI
IND,PHI
IND,MIL
IND,UTA
IND,SAS
IND,CHA
IND,CLE
IND,BOS
IND,CHI
IND,CLE
IND,WAS
LAC,HOU
LAC,UTA
LAC,PHX
LAC,PHX
LAC,CLE
LAC,UTA
LAC,DEN
LAC,SAC
LAC,CHA
LAC,ORL
LAC,PHI
LAC,IND
LAC,PHI
LAC,POR
LAC,POR
LAC,ATL
LAC,NOP
LAC,CHI
LAC,MIN
LAC,MIL
LAC,CHI
LAC,HOU
LAC,MIL
LAC,MIN
LAC,WAS
LAC,LAL
LAC,SAC
LAC,MEM
LAC,OKC
LAC,GSW
LAC,MIN
LAC,DET
LAC,NOP
LAC,ATL
LAC,MIA
LAC,DET
LAC,WAS
LAC,CLE
LAC,BOS
LAC,TOR
LAC,LAL
LAC,BKN
LAC,OKC
LAC,MIN
LAC,MEM
LAC,TOR
LAC,PHX
LAC,LAL
LAC,NOP
LAC,PHX
LAC,MIA
LAC,MEM
LAC,CHA
LAC,BOS
LAC,OKC
LAC,DAL
LAC,IND
LAC,NYK
LAC,GSW
LAC,SAC
LAC,POR
LAC,UTA
LAC,DEN
LAC,GSW
LAC,GSW
LAC,SAC
LAC,DEN
LAC,DAL
LAC,NOP
LAC,SAS
LAC,SAS
LAC,HOU
LAC,DEN
LAC,MEM
LAC,DAL
LAC,BKN
LAC,NYK
LAC,LAL
LAC,ORL
LAC,SAS
LAC,UTA
LAC,POR
LAL,NOP
LAL,MEM
LAL,GSW
LAL,MIN
LAL,CLE
LAL,WAS
LAL,TOR
LAL,BKN
LAL,IND
LAL,MEM
LAL,MIL
LAL,IND
LAL,PHI
LAL,ATL
LAL,GSW
LAL,SAC
LAL,MIN
LAL,MIL
LAL,SAC
LAL,OKC
LAL,DEN
LAL,WAS
LAL,LAC
LAL,PHX
LAL,SAS
LAL,GSW
LAL,UTA
LAL,DET
LAL,NOP
LAL,DEN
LAL,CHA
LAL,NYK
LAL,BOS
LAL,ATL
LAL,HOU
LAL,GSW
LAL,CHI
LAL,LAC
LAL,POR
LAL,BKN
LAL,DAL
LAL,OKC
LAL,UTA
LAL,PHX
LAL,TOR
LAL,LAC
LAL,MEM
LAL,MIA
LAL,NOP
LAL,MIN
LAL,CHA
LAL,BOS
LAL,OKC
LAL,MIN
LAL,CHI
LAL,NYK
LAL,SAS
LAL,SAS
LAL,DAL
LAL,NOP
LAL,PHX
LAL,HOU
LAL,OKC
LAL,DET
LAL,PHI
LAL,CLE
LAL,DAL
LAL,UTA
LAL,HOU
LAL,POR
LAL,SAC
LAL,MEM
LAL,POR
LAL,PHX
LAL,HOU
LAL,MIA
LAL,ORL
LAL,LAC
LAL,ORL
LAL,SAC
LAL,PHX
LAL,DEN
MEM,DEN
MEM,LAL
MEM,CLE
MEM,SAS
MEM,PHI
MEM,DET
MEM,MIL
MEM,DET
MEM,ORL
MEM,LAL
MEM,DEN
MEM,SAS
MEM,GSW
MEM,SAC
MEM,OKC
MEM,CHA
MEM,WAS
MEM,OKC
MEM,ATL
MEM,PHI
MEM,BKN
MEM,POR
MEM,POR
MEM,MIN
MEM,BKN
MEM,LAC
MEM,MIL
MEM,HOU
MEM,NOP
MEM,CHA
MEM,CHI
MEM,NYK
MEM,BOS
MEM,GSW
MEM,CLE
MEM,SAC
MEM,IND
MEM,ORL
MEM,MIA
MEM,TOR
MEM,CHI
MEM,MIN
MEM,GSW
MEM,NYK
MEM,LAC
MEM,DAL
MEM,PHX
MEM,LAL
MEM,TOR
MEM,SAS
MEM,SAC
MEM,LAC
MEM,DEN
MEM,NOP
MEM,ATL
MEM,IND
MEM,NOP
MEM,OKC
MEM,HOU
MEM,HOU
MEM,DAL
MEM,MIN
MEM,DET
MEM,PHX
MEM,DAL
MEM,UTA
MEM,MIN
MEM,PHX
MEM,HOU
MEM,BOS
MEM,SAS
MEM,LAL
MEM,LAC
MEM,UTA
MEM,MIA
MEM,POR
MEM,POR
MEM,UTA
MEM,DAL
MEM,WAS
MEM,DEN
MEM,NOP
MIA,TOR
MIA,TOR
MIA,DAL
MIA,ATL
MIA,IND
MIA,HOU
MIA,PHI
MIA,NYK
MIA,WAS
MIA,POR
MIA,GSW
MIA,CLE
MIA,NOP
MIA,CLE
MIA,PHI
MIA,DET
MIA,DET
MIA,DEN
MIA,WAS
MIA,OKC
MIA,DAL
MIA,DET
MIA,UTA
MIA,DEN
MIA,POR
MIA,SAC
MIA,NOP
MIA,PHI
MIA,MIL
MIA,BOS
MIA,SAS
MIA,ORL
MIA,LAC
MIA,WAS
MIA,SAC
MIA,PHX
MIA,NYK
MIA,BOS
MIA,MEM
MIA,ORL
MIA,ATL
MIA,TOR
MIA,BKN
MIA,CHA
MIA,ORL
MIA,OKC
MIA,HOU
MIA,PHX
MIA,LAL
MIA,LAC
MIA,UTA
MIA,GSW
MIA,PHI
MIA,ATL
MIA,ORL
MIA,MIN
MIA,CHI
MIA,CHI
MIA,CHA
MIA,CHA
MIA,CLE
MIA,TOR
MIA,IND
MIA,IND
MIA,MIL
MIA,BKN
MIA,NYK
MIA,CLE
MIA,CHI
MIA,CHI
MIA,BKN
MIA,CHA
MIA,SAS
MIA,ATL
MIA,MEM
MIA,LAL
MIA,WAS
MIA,BKN
MIA,MIL
MIA,MIN
MIA,BOS
MIA,DET
MIL,ORL
MIL,OKC
MIL,ORL
MIL,BOS
MIL,NYK
MIL,TOR
MIL,MEM
MIL,WAS
MIL,ATL
MIL,NOP
MIL,LAL
MIL,OKC
MIL,BKN
MIL,BOS
MIL,PHX
MIL,PHI
MIL,SAC
MIL,LAC
MIL,LAL
MIL,GSW
MIL,LAC
MIL,CHI
MIL,CHA
MIL,CHA
MIL,PHI
MIL,MIN
MIL,MEM
MIL,MIA
MIL,DEN
MIL,CHA
MIL,MIN
MIL,PHX
MIL,UTA
MIL,DAL
MIL,POR
MIL,DEN
MIL,NOP
MIL,CLE
MIL,CLE
MIL,DET
MIL,DET
MIL,CLE
MIL,SAC
MIL,GSW
MIL,BOS
MIL,UTA
MIL,HOU
MIL,SAS
MIL,IND
MIL,IND
MIL,CLE
MIL,BKN
MIL,NYK
MIL,NYK
MIL,ORL
MIL,SAS
MIL,HOU
MIL,DET
MIL,IND
MIL,CHI
MIL,IND
MIL,NYK
MIL,ATL
MIL,CHI
MIL,MIA
MIL,POR
MIL,WAS
MIL,BOS
MIL,WAS
MIL,DAL
MIL,CHA
MIL,TOR
MIL,CHI
MIL,ORL
MIL,IND
MIL,DET
MIL,BKN
MIL,NYK
MIL,TOR
MIL,MIA
MIL,ATL
MIL,PHI
MIN,PHX
MIN,ATL
MIN,DEN
MIN,WAS
MIN,LAL
MIN,PHX
MIN,TOR
MIN,HOU
MIN,CHI
MIN,DEN
MIN,DET
MIN,GSW
MIN,CLE
MIN,DEN
MIN,UTA
MIN,UTA
MIN,LAC
MIN,LAL
MIN,CLE
MIN,IND
MIN,POR
MIN,LAC
MIN,SAC
MIN,MEM
MIN,SAS
MIN,BKN
MIN,MIL
MIN,POR
MIN,POR
MIN,LAC
MIN,MIL
MIN,CHI
MIN,HOU
MIN,ORL
MIN,DAL
MIN,OKC
MIN,SAS
MIN,BKN
MIN,WAS
MIN,CHA
MIN,OKC
MIN,MEM
MIN,DET
MIN,LAC
MIN,POR
MIN,BOS
MIN,ORL
MIN,DAL
MIN,HOU
MIN,NOP
MIN,NYK
MIN,LAL
MIN,DAL
MIN,OKC
MIN,SAC
MIN,LAL
MIN,PHI
MIN,MIA
MIN,IND
MIN,DAL
MIN,NOP
MIN,MEM
MIN,SAS
MIN,CHA
MIN,UTA
MIN,OKC
MIN,MEM
MIN,SAC
MIN,PHI
MIN,NYK
MIN,NOP
MIN,PHX
MIN,GSW
MIN,GSW
MIN,SAS
MIN,NOP
MIN,BOS
MIN,UTA
MIN,DEN
MIN,ATL
MIN,MIA
MIN,TOR
NOP,LAL
NOP,GSW
NOP,SAC
NOP,POR
NOP,PHX
NOP,SAS
NOP,ORL
NOP,PHX
NOP,BOS
NOP,MIL
NOP,OKC
NOP,DET
NOP,MIA
NOP,ORL
NOP,BKN
NOP,POR
NOP,LAC
NOP,CLE
NOP,ATL
NOP,PHI
NOP,TOR
NOP,IND
NOP,IND
NOP,NYK
NOP,CHI
NOP,MIA
NOP,HOU
NOP,WAS
NOP,MEM
NOP,POR
NOP,LAL
NOP,LAC
NOP,TOR
NOP,SAS
NOP,HOU
NOP,BOS
NOP,MIL
NOP,OKC
NOP,UTA
NOP,PHX
NOP,CHA
NOP,DAL
NOP,DAL
NOP,DEN
NOP,GSW
NOP,SAC
NOP,LAC
NOP,MIN
NOP,BKN
NOP,LAL
NOP,UTA
NOP,MEM
NOP,HOU
NOP,CLE
NOP,MEM
NOP,SAS
NOP,CHA
NOP,WAS
NOP,MIN
NOP,LAL
NOP,SAC
NOP,CHI
NOP,SAS
NOP,PHI
NOP,UTA
NOP,UTA
NOP,LAC
NOP,SAC
NOP,SAC
NOP,MIN
NOP,DEN
NOP,DAL
NOP,DAL
NOP,HOU
NOP,MIN
NOP,DEN
NOP,ATL
NOP,DET
NOP,OKC
NOP,GSW
NOP,NYK
NOP,MEM
NYK,CHI
NYK,BKN
NYK,BOS
NYK,CHI
NYK,MIL
NYK,CHI
NYK,SAC
NYK,MIA
NYK,OKC
NYK,SAS
NYK,TOR
NYK,DET
NYK,BKN
NYK,DEN
NYK,GSW
NYK,SAC
NYK,POR
NYK,PHI
NYK,PHI
NYK,ORL
NYK,ATL
NYK,CLE
NYK,GSW
NYK,NOP
NYK,DET
NYK,BOS
NYK,PHI
NYK,ORL
NYK,HOU
NYK,IND
NYK,DAL
NYK,MEM
NYK,LAL
NYK,IND
NYK,UTA
NYK,CHA
NYK,MIA
NYK,DEN
NYK,BKN
NYK,TOR
NYK,WAS
NYK,HOU
NYK,ORL
NYK,MEM
NYK,DAL
NYK,POR
NYK,WAS
NYK,PHI
NYK,CHI
NYK,MIN
NYK,IND
NYK,ORL
NYK,OKC
NYK,MIL
NYK,MIL
NYK,BKN
NYK,LAL
NYK,LAC
NYK,PHX
NYK,UTA
NYK,TOR
NYK,BOS
NYK,MIL
NYK,TOR
NYK,DET
NYK,CHA
NYK,PHX
NYK,MIA
NYK,MIN
NYK,CHA
NYK,WAS
NYK,ATL
NYK,BOS
NYK,CHA
NYK,SAS
NYK,LAC
NYK,MIL
NYK,CLE
NYK,CLE
NYK,NOP
NYK,ATL
NYK,BOS
OKC,DAL
OKC,MIL
OKC,SAS
OKC,SAC
OKC,CHA
OKC,IND
OKC,BOS
OKC,PHI
OKC,NYK
OKC,PHX
OKC,HOU
OKC,NOP
OKC,MIL
OKC,TOR
OKC,UTA
OKC,MEM
OKC,DAL
OKC,IND
OKC,MEM
OKC,MIA
OKC,POR
OKC,LAL
OKC,PHX
OKC,SAS
OKC,HOU
OKC,HOU
OKC,WAS
OKC,LAC
OKC,ORL
OKC,SAC
OKC,DAL
OKC,UTA
OKC,TOR
OKC,CHA
OKC,DEN
OKC,MIN
OKC,DET
OKC,NOP
OKC,SAS
OKC,POR
OKC,MIN
OKC,UTA
OKC,LAC
OKC,LAL
OKC,ORL
OKC,POR
OKC,MIA
OKC,WAS
OKC,BKN
OKC,ATL
OKC,BOS
OKC,BKN
OKC,DEN
OKC,NYK
OKC,MIN
OKC,LAL
OKC,LAC
OKC,MEM
OKC,DEN
OKC,SAC
OKC,UTA
OKC,GSW
OKC,HOU
OKC,DAL
OKC,LAL
OKC,MIN
OKC,PHI
OKC,CHI
OKC,POR
OKC,GSW
OKC,GSW
OKC,SAS
OKC,PHX
OKC,SAC
OKC,CLE
OKC,ATL
OKC,GSW
OKC,NOP
OKC,DET
OKC,DEN
OKC,CLE
OKC,CHI
ORL,MIL
ORL,PHI
ORL,MIL
ORL,HOU
ORL,CHI
ORL,CHA
ORL,NOP
ORL,POR
ORL,MEM
ORL,LAC
ORL,GSW
ORL,SAC
ORL,NOP
ORL,CHA
ORL,TOR
ORL,TOR
ORL,BKN
ORL,IND
ORL,NYK
ORL,WAS
ORL,CHA
ORL,DET
ORL,UTA
ORL,BKN
ORL,ATL
ORL,DET
ORL,CLE
ORL,NYK
ORL,OKC
ORL,CHI
ORL,SAS
ORL,MIA
ORL,DET
ORL,MIN
ORL,SAS
ORL,DAL
ORL,PHX
ORL,MEM
ORL,CLE
ORL,MIA
ORL,PHI
ORL,ATL
ORL,NYK
ORL,OKC
ORL,MIA
ORL,MIN
ORL,ATL
ORL,DEN
ORL,SAC
ORL,GSW
ORL,PHX
ORL,NYK
ORL,PHI
ORL,WAS
ORL,IND
ORL,MIL
ORL,MIA
ORL,BOS
ORL,BOS
ORL,CLE
ORL,DET
ORL,CLE
ORL,BKN
ORL,WAS
ORL,WAS
ORL,CHA
ORL,BOS
ORL,DEN
ORL,TOR
ORL,IND
ORL,CHI
ORL,CHI
ORL,BKN
ORL,MIL
ORL,ATL
ORL,DAL
ORL,LAL
ORL,UTA
ORL,LAC
ORL,LAL
ORL,POR
ORL,HOU
PHI,BKN
PHI,ORL
PHI,DET
PHI,SAS
PHI,MEM
PHI,MIA
PHI,OKC
PHI,TOR
PHI,CLE
PHI,LAC
PHI,SAC
PHI,LAC
PHI,LAL
PHI,PHX
PHI,MIA
PHI,CHA
PHI,MIL
PHI,NYK
PHI,NYK
PHI,NOP
PHI,MEM
PHI,BKN
PHI,DAL
PHI,CHA
PHI,BOS
PHI,MIL
PHI,CLE
PHI,NYK
PHI,MIA
PHI,CLE
PHI,WAS
PHI,ATL
PHI,GSW
PHI,DAL
PHI,BKN
PHI,UTA
PHI,GSW
PHI,POR
PHI,DEN
PHI,IND
PHI,SAS
PHI,CHA
PHI,ORL
PHI,DEN
PHI,HOU
PHI,SAC
PHI,ATL
PHI,UTA
PHI,NYK
PHI,CHI
PHI,CHI
PHI,HOU
PHI,ORL
PHI,MIA
PHI,TOR
PHI,MIN
PHI,CHI
PHI,CHA
PHI,DET
PHI,DET
PHI,WAS
PHI,ATL
PHI,WAS
PHI,BOS
PHI,NOP
PHI,LAL
PHI,OKC
PHI,MIN
PHI,CLE
PHI,BKN
PHI,ATL
PHI,BOS
PHI,IND
PHI,IND
PHI,DET
PHI,BOS
PHI,WAS
PHI,PHX
PHI,TOR
PHI,POR
PHI,TOR
PHI,MIL
PHX,MIN
PHX,SAC
PHX,LAC
PHX,LAC
PHX,NOP
PHX,MIN
PHX,CLE
PHX,NOP
PHX,OKC
PHX,DEN
PHX,SAS
PHX,SAS
PHX,ATL
PHX,PHI
PHX,MIL
PHX,CHA
PHX,BOS
PHX,CLE
PHX,BOS
PHX,TOR
PHX,DEN
PHX,OKC
PHX,HOU
PHX,HOU
PHX,LAL
PHX,HOU
PHX,DAL
PHX,DET
PHX,SAC
PHX,GSW
PHX,UTA
PHX,MIL
PHX,WAS
PHX,ATL
PHX,BKN
PHX,MIA
PHX,ORL
PHX,IND
PHX,DAL
PHX,CHI
PHX,IND
PHX,NOP
PHX,SAC
PHX,POR
PHX,LAL
PHX,LAC
PHX,MEM
PHX,MIA
PHX,LAC
PHX,POR
PHX,ORL
PHX,CHA
PHX,HOU
PHX,DAL
PHX,SAC
PHX,POR
PHX,WAS
PHX,NYK
PHX,BKN
PHX,GSW
PHX,SAC
PHX,LAL
PHX,MEM
PHX,DEN
PHX,TOR
PHX,NYK
PHX,MEM
PHX,GSW
PHX,POR
PHX,UTA
PHX,UTA
PHX,MIN
PHX,OKC
PHX,LAL
PHX,CHI
PHX,DET
PHX,PHI
PHX,SAS
PHX,SAS
PHX,UTA
PHX,LAL
PHX,GSW
POR,SAC
POR,HOU
POR,GSW
POR,NOP
POR,BOS
POR,WAS
POR,CHA
POR,ORL
POR,MIA
POR,ATL
POR,HOU
POR,DEN
POR,LAC
POR,LAC
POR,CHI
POR,NOP
POR,NYK
POR,ATL
POR,BOS
POR,TOR
POR,HOU
POR,OKC
POR,MIN
POR,MEM
POR,MEM
POR,MIA
POR,CHA
POR,DEN
POR,MIN
POR,MIN
POR,NOP
POR,DET
POR,DEN
POR,DEN
POR,MIL
POR,PHI
POR,CHI
POR,SAS
POR,HOU
POR,OKC
POR,LAL
POR,IND
POR,BKN
POR,PHX
POR,MIN
POR,OKC
POR,NYK
POR,BKN
POR,DAL
POR,DAL
POR,PHX
POR,SAS
POR,SAS
POR,SAC
POR,GSW
POR,WAS
POR,PHX
POR,GSW
POR,DAL
POR,UTA
POR,LAC
POR,DAL
POR,GSW
POR,UTA
POR,CLE
POR,IND
POR,MIL
POR,UTA
POR,PHX
POR,OKC
POR,LAL
POR,CLE
POR,UTA
POR,LAL
POR,SAC
POR,MEM
POR,MEM
POR,DET
POR,TOR
POR,PHI
POR,ORL
POR,LAC
SAC,POR
SAC,PHX
SAC,NOP
SAC,OKC
SAC,BKN
SAC,BOS
SAC,NYK
SAC,LAC
SAC,UTA
SAC,DAL
SAC,DAL
SAC,PHI
SAC,ORL
SAC,WAS
SAC,TOR
SAC,MEM
SAC,NYK
SAC,LAL
SAC,MIL
SAC,HOU
SAC,SAS
SAC,LAL
SAC,CHI
SAC,MIN
SAC,DEN
SAC,MIA
SAC,LAC
SAC,SAS
SAC,DEN
SAC,PHX
SAC,OKC
SAC,DEN
SAC,DET
SAC,CLE
SAC,CHI
SAC,IND
SAC,MIA
SAC,MEM
SAC,DAL
SAC,GSW
SAC,ATL
SAC,IND
SAC,PHX
SAC,MIL
SAC,PHI
SAC,CHA
SAC,DET
SAC,NOP
SAC,TOR
SAC,ORL
SAC,CHA
SAC,MEM
SAC,ATL
SAC,POR
SAC,MIN
SAC,PHX
SAC,BOS
SAC,WAS
SAC,UTA
SAC,OKC
SAC,LAC
SAC,BKN
SAC,PHX
SAC,NOP
SAC,DEN
SAC,LAC
SAC,GSW
SAC,MIN
SAC,NOP
SAC,NOP
SAC,DAL
SAC,SAS
SAC,LAL
SAC,CLE
SAC,OKC
SAC,POR
SAC,HOU
SAC,HOU
SAC,GSW
SAC,LAL
SAC,GSW
SAC,UTA
SAS,DET
SAS,DEN
SAS,OKC
SAS,MEM
SAS,PHI
SAS,NOP
SAS,DEN
SAS,GSW
SAS,NYK
SAS,UTA
SAS,PHX
SAS,PHX
SAS,MEM
SAS,DAL
SAS,BKN
SAS,DEN
SAS,HOU
SAS,GSW
SAS,GSW
SAS,SAC
SAS,HOU
SAS,IND
SAS,OKC
SAS,MIN
SAS,UTA
SAS,LAL
SAS,SAC
SAS,DAL
SAS,TOR
SAS,BKN
SAS,ORL
SAS,MIA
SAS,CLE
SAS,NOP
SAS,ORL
SAS,WAS
SAS,MIN
SAS,POR
SAS,OKC
SAS,PHI
SAS,WAS
SAS,CHA
SAS,BOS
SAS,ATL
SAS,CHI
SAS,CHA
SAS,DET
SAS,CLE
SAS,MIL
SAS,MEM
SAS,BOS
SAS,POR
SAS,POR
SAS,UTA
SAS,DAL
SAS,CHI
SAS,MIL
SAS,NOP
SAS,LAL
SAS,LAL
SAS,HOU
SAS,CHI
SAS,MIN
SAS,NOP
SAS,ATL
SAS,DEN
SAS,GSW
SAS,LAC
SAS,LAC
SAS,MEM
SAS,SAC
SAS,OKC
SAS,MIA
SAS,MIN
SAS,NYK
SAS,IND
SAS,TOR
SAS,PHX
SAS,PHX
SAS,LAC
SAS,HOU
SAS,DAL
TOR,MIA
TOR,MIA
TOR,BKN
TOR,IND
TOR,WAS
TOR,MIL
TOR,MIN
TOR,LAL
TOR,PHI
TOR,NYK
TOR,BKN
TOR,WAS
TOR,OKC
TOR,SAC
TOR,ORL
TOR,ORL
TOR,DET
TOR,DEN
TOR,POR
TOR,PHX
TOR,NOP
TOR,CHA
TOR,GSW
TOR,DAL
TOR,IND
TOR,ATL
TOR,BKN
TOR,IND
TOR,SAS
TOR,CLE
TOR,HOU
TOR,CHA
TOR,NOP
TOR,OKC
TOR,HOU
TOR,CHI
TOR,ATL
TOR,LAC
TOR,MEM
TOR,NYK
TOR,CHI
TOR,MIA
TOR,BOS
TOR,UTA
TOR,LAC
TOR,LAL
TOR,GSW
TOR,SAC
TOR,MEM
TOR,CLE
TOR,DET
TOR,BOS
TOR,WAS
TOR,UTA
TOR,PHI
TOR,DEN
TOR,CHA
TOR,ATL
TOR,ATL
TOR,NYK
TOR,CHA
TOR,MIA
TOR,NYK
TOR,PHX
TOR,BKN
TOR,CLE
TOR,CHI
TOR,IND
TOR,ORL
TOR,DET
TOR,BOS
TOR,MIL
TOR,WAS
TOR,BOS
TOR,DAL
TOR,SAS
TOR,PHI
TOR,MIL
TOR,POR
TOR,PHI
TOR,CHI
TOR,MIN
UTA,GSW
UTA,LAC
UTA,HOU
UTA,DEN
UTA,GSW
UTA,LAC
UTA,CLE
UTA,SAC
UTA,HOU
UTA,SAS
UTA,DAL
UTA,HOU
UTA,DAL
UTA,OKC
UTA,MIN
UTA,MIN
UTA,ATL
UTA,BOS
UTA,DEN
UTA,CHI
UTA,WAS
UTA,MIA
UTA,ORL
UTA,ATL
UTA,SAS
UTA,CHA
UTA,GSW
UTA,LAL
UTA,GSW
UTA,PHX
UTA,OKC
UTA,MIL
UTA,PHI
UTA,NYK
UTA,BKN
UTA,CHA
UTA,WAS
UTA,NOP
UTA,HOU
UTA,OKC
UTA,IND
UTA,LAL
UTA,TOR
UTA,DEN
UTA,MIL
UTA,PHI
UTA,BOS
UTA,DET
UTA,DAL
UTA,MIA
UTA,NOP
UTA,SAS
UTA,TOR
UTA,DET
UTA,CLE
UTA,BKN
UTA,SAC
UTA,POR
UTA,NYK
UTA,OKC
UTA,LAC
UTA,DAL
UTA,POR
UTA,MIN
UTA,MEM
UTA,NOP
UTA,NOP
UTA,POR
UTA,LAL
UTA,PHX
UTA,PHX
UTA,POR
UTA,MEM
UTA,IND
UTA,CHI
UTA,MIN
UTA,ORL
UTA,MEM
UTA,DEN
UTA,PHX
UTA,LAC
UTA,SAC
WAS,BOS
WAS,CHI
WAS,MIN
WAS,TOR
WAS,POR
WAS,LAL
WAS,MIL
WAS,MIA
WAS,DET
WAS,BKN
WAS,CHI
WAS,TOR
WAS,SAC
WAS,HOU
WAS,BOS
WAS,CHI
WAS,HOU
WAS,MEM
WAS,MIA
WAS,CHA
WAS,ORL
WAS,UTA
WAS,LAC
WAS,LAL
WAS,GSW
WAS,CLE
WAS,OKC
WAS,DEN
WAS,NOP
WAS,DAL
WAS,PHI
WAS,BOS
WAS,CLE
WAS,PHX
WAS,MIA
WAS,LAC
WAS,SAS
WAS,DET
WAS,UTA
WAS,MIN
WAS,DEN
WAS,SAS
WAS,NYK
WAS,DET
WAS,ATL
WAS,IND
WAS,OKC
WAS,NYK
WAS,CLE
WAS,CLE
WAS,ATL
WAS,BKN
WAS,TOR
WAS,ORL
WAS,GSW
WAS,POR
WAS,SAC
WAS,PHX
WAS,IND
WAS,NOP
WAS,PHI
WAS,BKN
WAS,PHI
WAS,ORL
WAS,ORL
WAS,DET
WAS,ATL
WAS,MIL
WAS,CHA
WAS,MIL
WAS,NYK
WAS,DAL
WAS,TOR
WAS,BKN
WAS,CHA
WAS,CHA
WAS,PHI
WAS,MIA
WAS,ATL
WAS,BOS
WAS,MEM
WAS,IND